{"cameraMode":{"drawMode":0,"name":"Shaded","section":"Shading Mode"},"sceneLighting":true,"audioPlay":false,"sceneViewState":{"showFog":false,"showMaterialUpdate":false,"showSkybox":false,"showFlares":false,"showImageEffects":false,"showParticleSystems":false},"in2DMode":false,"pivot":{"x":-1.7999999523162842,"y":0.5,"z":-2.5199999809265138},"rotation":{"x":0.02365788444876671,"y":-0.9632039070129395,"z":0.2520068287849426,"w":0.09043260663747788},"size":2.8578836917877199,"orthographic":false}