{"cameraMode":{"drawMode":0,"name":"Shaded","section":"Shading Mode"},"sceneLighting":false,"audioPlay":false,"sceneViewState":{"showFog":false,"showMaterialUpdate":false,"showSkybox":false,"showFlares":false,"showImageEffects":false,"showParticleSystems":false},"in2DMode":false,"pivot":{"x":0.08530759811401367,"y":1.2711403369903565,"z":0.9889993667602539},"rotation":{"x":0.11416388303041458,"y":-0.7413612604141235,"z":0.1305549591779709,"w":0.6483239531517029},"size":1.824718952178955,"orthographic":false}